"編號","姓名","性別","年齡","專長","出身","招收靈石","簡介"
"1","沈雲舟","男","26","劍修","本宗舊識","240","攻堅先鋒，擅長商道與古陣。"
"2","蘇青蘭","女","25","藥師","本宗舊識","240","辨草護生，擅長藥園與靈泉。"
"3","陸炎","男","30","器師","本宗舊識","300","破甲鑄器，擅長礦脈與古陣。"
"4","白映雪","女","28","符師","本宗舊識","300","布陣定脈，擅長靈泉與古陣。"
"5","岳衡","男","34","守衛","本宗舊識","360","固守山關，擅長礦脈與商道。"
"6","顧明月","女","24","劍修","本宗舊識","360","踏風破陣，擅長商道與古陣。"
"7","林長風","男","22","劍修","青嵐渡","240","青嵐渡出身，願以所學護住山下百姓。專長：商道、古陣。"
"8","林照溪","女","25","器師","白鹿原","240","白鹿原出身，相信日復一日的苦修勝過僥倖。專長：礦脈、古陣。"
"9","蕭景行","男","29","藥師","寒松嶺","270","寒松嶺出身，為尋失落的古法而遠行。專長：藥園、靈泉。"
"10","蕭映棠","女","32","符師","赤霞城","270","赤霞城出身，喜在雨夜整理殘卷與舊譜。專長：靈泉、古陣。"
"11","謝無塵","男","36","器師","雲夢澤","300","雲夢澤出身，珍惜每一位並肩同行之人。專長：礦脈、古陣。"
"12","謝清禾","女","39","守衛","玄石坊","300","玄石坊出身，盼在宗門尋得志同道合之友。專長：礦脈、商道。"
"13","裴照川","男","43","符師","長風驛","330","長風驛出身，將多年遊歷所見記入手札。專長：靈泉、古陣。"
"14","裴疏影","女","46","劍修","青嵐渡","330","青嵐渡出身，曾護送鄉人越過漫長山道。專長：商道、古陣。"
"15","秦墨白","男","25","守衛","落星湖","360","落星湖出身，相信日復一日的苦修勝過僥倖。專長：礦脈、商道。"
"16","秦晚晴","女","28","藥師","寒松嶺","360","寒松嶺出身，習慣先觀察地勢再做決斷。專長：藥園、靈泉。"
"17","葉星河","男","32","劍修","聽雪關","240","聽雪關出身，喜在雨夜整理殘卷與舊譜。專長：商道、古陣。"
"18","葉聽雨","女","35","器師","雲夢澤","240","雲夢澤出身，誓將師門所授傳給後來者。專長：礦脈、古陣。"
"19","江問松","男","39","藥師","望舒谷","270","望舒谷出身，盼在宗門尋得志同道合之友。專長：藥園、靈泉。"
"20","江月白","女","42","符師","長風驛","270","長風驛出身，願以所學護住山下百姓。專長：靈泉、古陣。"
"21","韓清越","男","46","器師","白鹿原","300","白鹿原出身，曾護送鄉人越過漫長山道。專長：礦脈、古陣。"
"22","韓知雪","女","24","守衛","落星湖","300","落星湖出身，為尋失落的古法而遠行。專長：礦脈、商道。"
"23","宋知遠","男","28","符師","赤霞城","330","赤霞城出身，習慣先觀察地勢再做決斷。專長：靈泉、古陣。"
"24","宋初霽","女","31","劍修","聽雪關","330","聽雪關出身，珍惜每一位並肩同行之人。專長：商道、古陣。"
"25","賀聽泉","男","35","守衛","玄石坊","360","玄石坊出身，誓將師門所授傳給後來者。專長：礦脈、商道。"
"26","賀蘭心","女","38","藥師","望舒谷","360","望舒谷出身，將多年遊歷所見記入手札。專長：藥園、靈泉。"
"27","溫懷瑾","男","42","劍修","青嵐渡","240","青嵐渡出身，願以所學護住山下百姓。專長：商道、古陣。"
"28","溫若蘅","女","45","器師","白鹿原","240","白鹿原出身，相信日復一日的苦修勝過僥倖。專長：礦脈、古陣。"
"29","許凌霄","男","24","藥師","寒松嶺","270","寒松嶺出身，為尋失落的古法而遠行。專長：藥園、靈泉。"
"30","許清漪","女","27","符師","赤霞城","270","赤霞城出身，喜在雨夜整理殘卷與舊譜。專長：靈泉、古陣。"
"31","趙玄渡","男","31","器師","雲夢澤","300","雲夢澤出身，珍惜每一位並肩同行之人。專長：礦脈、古陣。"
"32","趙靈素","女","34","守衛","玄石坊","300","玄石坊出身，盼在宗門尋得志同道合之友。專長：礦脈、商道。"
"33","孟逐雲","男","38","符師","長風驛","330","長風驛出身，將多年遊歷所見記入手札。專長：靈泉、古陣。"
"34","孟枕星","女","41","劍修","青嵐渡","330","青嵐渡出身，曾護送鄉人越過漫長山道。專長：商道、古陣。"
"35","唐硯青","男","45","守衛","落星湖","360","落星湖出身，相信日復一日的苦修勝過僥倖。專長：礦脈、商道。"
"36","唐芷寧","女","23","藥師","寒松嶺","360","寒松嶺出身，習慣先觀察地勢再做決斷。專長：藥園、靈泉。"
"37","方守拙","男","27","劍修","聽雪關","240","聽雪關出身，喜在雨夜整理殘卷與舊譜。專長：商道、古陣。"
"38","方雲舒","女","30","器師","雲夢澤","240","雲夢澤出身，誓將師門所授傳給後來者。專長：礦脈、古陣。"
"39","程觀瀾","男","34","藥師","望舒谷","270","望舒谷出身，盼在宗門尋得志同道合之友。專長：藥園、靈泉。"
"40","程見秋","女","37","符師","長風驛","270","長風驛出身，願以所學護住山下百姓。專長：靈泉、古陣。"
"41","洛承淵","男","41","器師","白鹿原","300","白鹿原出身，曾護送鄉人越過漫長山道。專長：礦脈、古陣。"
"42","洛聞笙","女","44","守衛","落星湖","300","落星湖出身，為尋失落的古法而遠行。專長：礦脈、商道。"
"43","傅行簡","男","23","符師","赤霞城","330","赤霞城出身，習慣先觀察地勢再做決斷。專長：靈泉、古陣。"
"44","傅蘊真","女","26","劍修","聽雪關","330","聽雪關出身，珍惜每一位並肩同行之人。專長：商道、古陣。"
"45","周北辰","男","30","守衛","玄石坊","360","玄石坊出身，誓將師門所授傳給後來者。專長：礦脈、商道。"
"46","周凝霜","女","33","藥師","望舒谷","360","望舒谷出身，將多年遊歷所見記入手札。專長：藥園、靈泉。"
"47","楚懷山","男","37","劍修","青嵐渡","240","青嵐渡出身，願以所學護住山下百姓。專長：商道、古陣。"
"48","楚照微","女","40","器師","白鹿原","240","白鹿原出身，相信日復一日的苦修勝過僥倖。專長：礦脈、古陣。"
"49","顏景初","男","44","藥師","寒松嶺","270","寒松嶺出身，為尋失落的古法而遠行。專長：藥園、靈泉。"
"50","顏語竹","女","22","符師","赤霞城","270","赤霞城出身，喜在雨夜整理殘卷與舊譜。專長：靈泉、古陣。"
"51","柳聞笛","男","26","器師","雲夢澤","300","雲夢澤出身，珍惜每一位並肩同行之人。專長：礦脈、古陣。"
"52","柳扶煙","女","29","守衛","玄石坊","300","玄石坊出身，盼在宗門尋得志同道合之友。專長：礦脈、商道。"
"53","池遠山","男","33","符師","長風驛","330","長風驛出身，將多年遊歷所見記入手札。專長：靈泉、古陣。"
"54","池明珂","女","36","劍修","青嵐渡","330","青嵐渡出身，曾護送鄉人越過漫長山道。專長：商道、古陣。"
"55","徐照野","男","40","守衛","落星湖","360","落星湖出身，相信日復一日的苦修勝過僥倖。專長：礦脈、商道。"
"56","徐念慈","女","43","藥師","寒松嶺","360","寒松嶺出身，習慣先觀察地勢再做決斷。專長：藥園、靈泉。"
"57","白修竹","男","22","劍修","聽雪關","240","聽雪關出身，喜在雨夜整理殘卷與舊譜。專長：商道、古陣。"
"58","白鳴珊","女","25","器師","雲夢澤","240","雲夢澤出身，誓將師門所授傳給後來者。專長：礦脈、古陣。"
"59","袁定川","男","29","藥師","望舒谷","270","望舒谷出身，盼在宗門尋得志同道合之友。專長：藥園、靈泉。"
"60","袁映荷","女","32","符師","長風驛","270","長風驛出身，願以所學護住山下百姓。專長：靈泉、古陣。"
"61","殷長庚","男","36","器師","白鹿原","300","白鹿原出身，曾護送鄉人越過漫長山道。專長：礦脈、古陣。"
"62","殷若水","女","39","守衛","落星湖","300","落星湖出身，為尋失落的古法而遠行。專長：礦脈、商道。"
"63","杜雲岫","男","43","符師","赤霞城","330","赤霞城出身，習慣先觀察地勢再做決斷。專長：靈泉、古陣。"
"64","杜千嵐","女","46","劍修","聽雪關","330","聽雪關出身，珍惜每一位並肩同行之人。專長：商道、古陣。"
"65","段惜年","男","25","守衛","玄石坊","360","玄石坊出身，誓將師門所授傳給後來者。專長：礦脈、商道。"
"66","段書瑤","女","28","藥師","望舒谷","360","望舒谷出身，將多年遊歷所見記入手札。專長：藥園、靈泉。"
"67","衛沉舟","男","32","劍修","青嵐渡","240","青嵐渡出身，願以所學護住山下百姓。專長：商道、古陣。"
"68","衛含章","女","35","器師","白鹿原","240","白鹿原出身，相信日復一日的苦修勝過僥倖。專長：礦脈、古陣。"
"69","紀臨淵","男","39","藥師","寒松嶺","270","寒松嶺出身，為尋失落的古法而遠行。專長：藥園、靈泉。"
"70","紀微瀾","女","42","符師","赤霞城","270","赤霞城出身，喜在雨夜整理殘卷與舊譜。專長：靈泉、古陣。"
"71","崔映嶺","男","46","器師","雲夢澤","300","雲夢澤出身，珍惜每一位並肩同行之人。專長：礦脈、古陣。"
"72","崔雁回","女","24","守衛","玄石坊","300","玄石坊出身，盼在宗門尋得志同道合之友。專長：礦脈、商道。"
"73","鄭聞道","男","28","符師","長風驛","330","長風驛出身，將多年遊歷所見記入手札。專長：靈泉、古陣。"
"74","鄭綺羅","女","31","劍修","青嵐渡","330","青嵐渡出身，曾護送鄉人越過漫長山道。專長：商道、古陣。"
"75","梁青嶽","男","35","守衛","落星湖","360","落星湖出身，相信日復一日的苦修勝過僥倖。專長：礦脈、商道。"
"76","梁棲霞","女","38","藥師","寒松嶺","360","寒松嶺出身，習慣先觀察地勢再做決斷。專長：藥園、靈泉。"
"77","燕歸鴻","男","42","劍修","聽雪關","240","聽雪關出身，喜在雨夜整理殘卷與舊譜。專長：商道、古陣。"
"78","燕知意","女","45","器師","雲夢澤","240","雲夢澤出身，誓將師門所授傳給後來者。專長：礦脈、古陣。"
"79","夏凌寒","男","24","藥師","望舒谷","270","望舒谷出身，盼在宗門尋得志同道合之友。專長：藥園、靈泉。"
"80","夏晚蘅","女","27","符師","長風驛","270","長風驛出身，願以所學護住山下百姓。專長：靈泉、古陣。"
"81","石懷真","男","31","器師","白鹿原","300","白鹿原出身，曾護送鄉人越過漫長山道。專長：礦脈、古陣。"
"82","石素問","女","34","守衛","落星湖","300","落星湖出身，為尋失落的古法而遠行。專長：礦脈、商道。"
"83","穆星衍","男","38","符師","赤霞城","330","赤霞城出身，習慣先觀察地勢再做決斷。專長：靈泉、古陣。"
"84","穆清商","女","41","劍修","聽雪關","330","聽雪關出身，珍惜每一位並肩同行之人。專長：商道、古陣。"
"85","蘭庭玉","男","45","守衛","玄石坊","360","玄石坊出身，誓將師門所授傳給後來者。專長：礦脈、商道。"
"86","蘭聽楓","女","23","藥師","望舒谷","360","望舒谷出身，將多年遊歷所見記入手札。專長：藥園、靈泉。"
"87","聞人策","男","27","劍修","青嵐渡","240","青嵐渡出身，願以所學護住山下百姓。專長：商道、古陣。"
"88","聞人雪","女","30","器師","白鹿原","240","白鹿原出身，相信日復一日的苦修勝過僥倖。專長：礦脈、古陣。"
"89","司徒淵","男","34","藥師","寒松嶺","270","寒松嶺出身，為尋失落的古法而遠行。專長：藥園、靈泉。"
"90","司徒蘭","女","37","符師","赤霞城","270","赤霞城出身，喜在雨夜整理殘卷與舊譜。專長：靈泉、古陣。"
"91","南宮澈","男","41","器師","雲夢澤","300","雲夢澤出身，珍惜每一位並肩同行之人。專長：礦脈、古陣。"
"92","南宮璃","女","44","守衛","玄石坊","300","玄石坊出身，盼在宗門尋得志同道合之友。專長：礦脈、商道。"
"93","東方朔","男","23","符師","長風驛","330","長風驛出身，將多年遊歷所見記入手札。專長：靈泉、古陣。"
"94","東方寧","女","26","劍修","青嵐渡","330","青嵐渡出身，曾護送鄉人越過漫長山道。專長：商道、古陣。"
"95","百里蘅","男","30","守衛","落星湖","360","落星湖出身，相信日復一日的苦修勝過僥倖。專長：礦脈、商道。"
"96","百里棠","女","33","藥師","寒松嶺","360","寒松嶺出身，習慣先觀察地勢再做決斷。專長：藥園、靈泉。"
"97","公孫煜","男","37","劍修","聽雪關","240","聽雪關出身，喜在雨夜整理殘卷與舊譜。專長：商道、古陣。"
"98","公孫瑾","女","40","器師","雲夢澤","240","雲夢澤出身，誓將師門所授傳給後來者。專長：礦脈、古陣。"
"99","慕容嵩","男","44","藥師","望舒谷","270","望舒谷出身，盼在宗門尋得志同道合之友。專長：藥園、靈泉。"
"100","慕容音","女","22","符師","長風驛","270","長風驛出身，願以所學護住山下百姓。專長：靈泉、古陣。"